"","GSE5281_VCX","GSE5281_HIP","GSE5281_EC"
"GSE5281_VCX",1,0.47151217923341,0.110277168465504
"GSE5281_HIP",0.47151217923341,1,0.165081438883374
"GSE5281_EC",0.110277168465504,0.165081438883374,1
